{
  "model_name": "gradient_boosting",
  "metrics": {
    "accuracy": 0.6631046119235096,
    "precision": 0.5482925454763671,
    "recall": 0.6631046119235096,
    "f1_score": 0.536488794943598,
    "roc_auc": 0.5002461915028354,
    "confusion_matrix": [
      [
        1174,
        11
      ],
      [
        588,
        5
      ]
    ],
    "cv_mean": 0.4782073066672702,
    "cv_std": 0.013927947854253131
  },
  "feature_importance": {
    "salary_per_experience": 0.31293373199629276,
    "salary": 0.17672188164407715,
    "current_position_encoded": 0.07433296395022805,
    "years_experience": 0.03171574828929265,
    "position_similarity": 0.02890096170391676,
    "requirements_tfidf_45": 0.025893737228972483,
    "requirements_tfidf_78": 0.01570668558984372,
    "skills_tfidf_55": 0.015148033215546993,
    "location_encoded": 0.014929117594409099,
    "skills_tfidf_24": 0.014186537144859493
  },
  "training_date": "2025-11-02T17:26:30.143556"
}